id,workspaceId,transactionReceiptId,address,blockHash,blockNumber,data,logIndex,topics,transactionHash,transactionIndex,raw,createdAt,updatedAt
107219108,7354,67691042,0x73d53c0e08baa93362c4825b836dbce45855abf4,0x2a4fbc8d34cff4589bdc05d601ebc26c4ce26c3655e7a80285b0f62b8e9df7ad,40647,0x0000000000000000000000000000000000000000000001695d556204b1e80000,0,["0xddf252ad1be2c89b69c2b068fc378daa952ba7f163c4a11628f55a4df523b3ef","0x000000000000000000000000b00b45b592c3ae69f0e944835b9b1a4774040be7","0x0000000000000000000000000bf18f89ad3ebc9047c22d9316dec23235e18a87"],0x6e36df095e36abee5d4169d05b7b053560c17e3c8f389efa413fbc814741e864,0,{"address":"0x73d53c0e08baa93362c4825b836dbce45855abf4","topics":["0xddf252ad1be2c89b69c2b068fc378daa952ba7f163c4a11628f55a4df523b3ef","0x000000000000000000000000b00b45b592c3ae69f0e944835b9b1a4774040be7","0x0000000000000000000000000bf18f89ad3ebc9047c22d9316dec23235e18a87"],"data":"0x0000000000000000000000000000000000000000000001695d556204b1e80000","blockNumber":"0x9ec7","transactionHash":"0x6e36df095e36abee5d4169d05b7b053560c17e3c8f389efa413fbc814741e864","transactionIndex":"0x0","blockHash":"0x2a4fbc8d34cff4589bdc05d601ebc26c4ce26c3655e7a80285b0f62b8e9df7ad","logIndex":"0x0","removed":false},"2024-04-20T03:25:23.096Z","2024-04-20T03:25:23.096Z"
109556432,7354,68449461,0x73d53c0e08baa93362c4825b836dbce45855abf4,0xc4aa488fa1d4144314524b3f440b6681ff944a4d985eb719d88d992df04ce076,46460,0x000000000000000000000000000000000000000000372537349a396a28680000,0,["0xddf252ad1be2c89b69c2b068fc378daa952ba7f163c4a11628f55a4df523b3ef","0x000000000000000000000000b00b45b592c3ae69f0e944835b9b1a4774040be7","0x000000000000000000000000006706b3aced8f9c82f45055521b875be51da06f"],0x8c5bdbd8db9d87b3f1e76ec622e9180dab77bffe9ca564a5d5c92270135858b6,0,{"address":"0x73d53c0e08baa93362c4825b836dbce45855abf4","topics":["0xddf252ad1be2c89b69c2b068fc378daa952ba7f163c4a11628f55a4df523b3ef","0x000000000000000000000000b00b45b592c3ae69f0e944835b9b1a4774040be7","0x000000000000000000000000006706b3aced8f9c82f45055521b875be51da06f"],"data":"0x000000000000000000000000000000000000000000372537349a396a28680000","blockNumber":"0xb57c","transactionHash":"0x8c5bdbd8db9d87b3f1e76ec622e9180dab77bffe9ca564a5d5c92270135858b6","transactionIndex":"0x0","blockHash":"0xc4aa488fa1d4144314524b3f440b6681ff944a4d985eb719d88d992df04ce076","logIndex":"0x0","removed":false},"2024-05-02T15:21:01.655Z","2024-05-02T15:21:01.655Z"
107207577,7354,67684318,0x73d53c0e08baa93362c4825b836dbce45855abf4,0x40c860acdf8e977acb60b98b0a602b19ae1caf2d05df24f65a46e0ee5fac006b,40219,0x00000000000000000000002d9d7cb9510c445a8c82ae2353ce42aaaaaaaaaaaa,0,["0xddf252ad1be2c89b69c2b068fc378daa952ba7f163c4a11628f55a4df523b3ef","0x0000000000000000000000000000000000000000000000000000000000000000","0x0000000000000000000000007d7cc2abeb8256d11e9ec63c13782e77300c7e30"],0x9cfcf707752d19dfed360055dcffa02783fdb5059b49c27156b6e6c7138ce606,0,{"transactionIndex":0,"blockNumber":40219,"transactionHash":"0x9cfcf707752d19dfed360055dcffa02783fdb5059b49c27156b6e6c7138ce606","address":"0x73d53c0E08bAA93362c4825b836dBCE45855Abf4","topics":["0xddf252ad1be2c89b69c2b068fc378daa952ba7f163c4a11628f55a4df523b3ef","0x0000000000000000000000000000000000000000000000000000000000000000","0x0000000000000000000000007d7cc2abeb8256d11e9ec63c13782e77300c7e30"],"data":"0x00000000000000000000002d9d7cb9510c445a8c82ae2353ce42aaaaaaaaaaaa","logIndex":0,"blockHash":"0x40c860acdf8e977acb60b98b0a602b19ae1caf2d05df24f65a46e0ee5fac006b"},"2024-04-19T08:02:52.499Z","2024-04-19T08:02:52.499Z"
107207538,7354,67684276,0xd40055663c115adaf1c593f4273a7b32006c431b,0x5a25b90fb8a3659db2498746db12a730753dd64db05be0ac382b9d4abc3a66f6,40217,0x0000000000000000000000000000000000000000000000000000009b386e0aaa,0,["0xddf252ad1be2c89b69c2b068fc378daa952ba7f163c4a11628f55a4df523b3ef","0x0000000000000000000000000000000000000000000000000000000000000000","0x0000000000000000000000007d7cc2abeb8256d11e9ec63c13782e77300c7e30"],0x34994c4b1851e3163a7f7818e18fd4c24fea2918a301d61f1b14e25a809b7d43,0,{"transactionIndex":0,"blockNumber":40217,"transactionHash":"0x34994c4b1851e3163a7f7818e18fd4c24fea2918a301d61f1b14e25a809b7d43","address":"0xd40055663c115aDaF1c593f4273A7B32006C431b","topics":["0xddf252ad1be2c89b69c2b068fc378daa952ba7f163c4a11628f55a4df523b3ef","0x0000000000000000000000000000000000000000000000000000000000000000","0x0000000000000000000000007d7cc2abeb8256d11e9ec63c13782e77300c7e30"],"data":"0x0000000000000000000000000000000000000000000000000000009b386e0aaa","logIndex":0,"blockHash":"0x5a25b90fb8a3659db2498746db12a730753dd64db05be0ac382b9d4abc3a66f6"},"2024-04-19T07:58:20.272Z","2024-04-19T07:58:20.272Z"
107207595,7354,67684331,0x73d53c0e08baa93362c4825b836dbce45855abf4,0xbd2c63fd6d3f15489e76ff22e0f0602e0fb3e0cc515123a8d372237b3fc95917,40221,0x0000000000000000000000000000000000000000000000056bc75e2d63100000,0,["0xddf252ad1be2c89b69c2b068fc378daa952ba7f163c4a11628f55a4df523b3ef","0x0000000000000000000000007d7cc2abeb8256d11e9ec63c13782e77300c7e30","0x0000000000000000000000003c744b430a53432a2ea9472008e38b0f2575e05e"],0x411fdc59348239e62d241f93b3bad1dfd0d0b83f212b077ded3edf56a7bf7ed0,0,{"transactionIndex":0,"blockNumber":40221,"transactionHash":"0x411fdc59348239e62d241f93b3bad1dfd0d0b83f212b077ded3edf56a7bf7ed0","address":"0x73d53c0E08bAA93362c4825b836dBCE45855Abf4","topics":["0xddf252ad1be2c89b69c2b068fc378daa952ba7f163c4a11628f55a4df523b3ef","0x0000000000000000000000007d7cc2abeb8256d11e9ec63c13782e77300c7e30","0x0000000000000000000000003c744b430a53432a2ea9472008e38b0f2575e05e"],"data":"0x0000000000000000000000000000000000000000000000056bc75e2d63100000","logIndex":0,"blockHash":"0xbd2c63fd6d3f15489e76ff22e0f0602e0fb3e0cc515123a8d372237b3fc95917"},"2024-04-19T08:06:21.358Z","2024-04-19T08:06:21.358Z"
107207628,7354,67684404,0x73d53c0e08baa93362c4825b836dbce45855abf4,0x3e164b25ca67f5bead53dd1c92337b354620ce97bb8870df565ddde2ad107651,40227,0x00000000000000000000000000000000000000000000003635c9adc5dea00000,0,["0xddf252ad1be2c89b69c2b068fc378daa952ba7f163c4a11628f55a4df523b3ef","0x0000000000000000000000007d7cc2abeb8256d11e9ec63c13782e77300c7e30","0x0000000000000000000000003c744b430a53432a2ea9472008e38b0f2575e05e"],0x7739fc93237fd5b852d9e5ca666d78775eed49ca1395be7ffdab3ddc12422783,0,{"transactionIndex":0,"blockNumber":40227,"transactionHash":"0x7739fc93237fd5b852d9e5ca666d78775eed49ca1395be7ffdab3ddc12422783","address":"0x73d53c0E08bAA93362c4825b836dBCE45855Abf4","topics":["0xddf252ad1be2c89b69c2b068fc378daa952ba7f163c4a11628f55a4df523b3ef","0x0000000000000000000000007d7cc2abeb8256d11e9ec63c13782e77300c7e30","0x0000000000000000000000003c744b430a53432a2ea9472008e38b0f2575e05e"],"data":"0x00000000000000000000000000000000000000000000003635c9adc5dea00000","logIndex":0,"blockHash":"0x3e164b25ca67f5bead53dd1c92337b354620ce97bb8870df565ddde2ad107651"},"2024-04-19T08:20:37.040Z","2024-04-19T08:20:37.040Z"
107207799,7354,67684595,0x73d53c0e08baa93362c4825b836dbce45855abf4,0x08d40a242261952998f35d0c816e6e2668f56bd9b1dade97640ae7c20e1ec026,40238,0x00000000000000000000000000000000322788703c59d815b0dfe66a4eb80000,0,["0xddf252ad1be2c89b69c2b068fc378daa952ba7f163c4a11628f55a4df523b3ef","0x0000000000000000000000007d7cc2abeb8256d11e9ec63c13782e77300c7e30","0x0000000000000000000000003c744b430a53432a2ea9472008e38b0f2575e05e"],0x9c75e203aee1e2efa14633b79b07ea9069d3cc777287b7163ceca5d892a41a45,0,{"transactionIndex":0,"blockNumber":40238,"transactionHash":"0x9c75e203aee1e2efa14633b79b07ea9069d3cc777287b7163ceca5d892a41a45","address":"0x73d53c0E08bAA93362c4825b836dBCE45855Abf4","topics":["0xddf252ad1be2c89b69c2b068fc378daa952ba7f163c4a11628f55a4df523b3ef","0x0000000000000000000000007d7cc2abeb8256d11e9ec63c13782e77300c7e30","0x0000000000000000000000003c744b430a53432a2ea9472008e38b0f2575e05e"],"data":"0x00000000000000000000000000000000322788703c59d815b0dfe66a4eb80000","logIndex":0,"blockHash":"0x08d40a242261952998f35d0c816e6e2668f56bd9b1dade97640ae7c20e1ec026"},"2024-04-19T08:49:47.964Z","2024-04-19T08:49:47.964Z"
107207802,7354,67684602,0x73d53c0e08baa93362c4825b836dbce45855abf4,0x05b1325b4eabdca4ca84cf460d5036cb2896251f669ba2ecc037d9fb5207fc97,40239,0x000000000000000000000000000000000000000000000000094079cd1a42aaaa,0,["0xddf252ad1be2c89b69c2b068fc378daa952ba7f163c4a11628f55a4df523b3ef","0x0000000000000000000000007d7cc2abeb8256d11e9ec63c13782e77300c7e30","0x0000000000000000000000003c744b430a53432a2ea9472008e38b0f2575e05e"],0x41e1106642e0bac7f509bafd14de02bf0001a494db11605cbc3b2806446b2e25,0,{"transactionIndex":0,"blockNumber":40239,"transactionHash":"0x41e1106642e0bac7f509bafd14de02bf0001a494db11605cbc3b2806446b2e25","address":"0x73d53c0E08bAA93362c4825b836dBCE45855Abf4","topics":["0xddf252ad1be2c89b69c2b068fc378daa952ba7f163c4a11628f55a4df523b3ef","0x0000000000000000000000007d7cc2abeb8256d11e9ec63c13782e77300c7e30","0x0000000000000000000000003c744b430a53432a2ea9472008e38b0f2575e05e"],"data":"0x000000000000000000000000000000000000000000000000094079cd1a42aaaa","logIndex":0,"blockHash":"0x05b1325b4eabdca4ca84cf460d5036cb2896251f669ba2ecc037d9fb5207fc97"},"2024-04-19T08:51:09.283Z","2024-04-19T08:51:09.283Z"
107207838,7354,67684659,0x73d53c0e08baa93362c4825b836dbce45855abf4,0xcd5a1c1c464ebd3dc59285affbf207a65ef0d678857fe534453ff73868209931,40242,0x00000000000000000000000000000001c363cbf21f289adc393ccd8000000000,0,["0xddf252ad1be2c89b69c2b068fc378daa952ba7f163c4a11628f55a4df523b3ef","0x0000000000000000000000007d7cc2abeb8256d11e9ec63c13782e77300c7e30","0x0000000000000000000000003c744b430a53432a2ea9472008e38b0f2575e05e"],0xcf9459278367ca5d1bb9422a5feb256f92fda470a5680987f7eaeaac0a21ec1a,0,{"transactionIndex":0,"blockNumber":40242,"transactionHash":"0xcf9459278367ca5d1bb9422a5feb256f92fda470a5680987f7eaeaac0a21ec1a","address":"0x73d53c0E08bAA93362c4825b836dBCE45855Abf4","topics":["0xddf252ad1be2c89b69c2b068fc378daa952ba7f163c4a11628f55a4df523b3ef","0x0000000000000000000000007d7cc2abeb8256d11e9ec63c13782e77300c7e30","0x0000000000000000000000003c744b430a53432a2ea9472008e38b0f2575e05e"],"data":"0x00000000000000000000000000000001c363cbf21f289adc393ccd8000000000","logIndex":0,"blockHash":"0xcd5a1c1c464ebd3dc59285affbf207a65ef0d678857fe534453ff73868209931"},"2024-04-19T08:58:46.082Z","2024-04-19T08:58:46.082Z"
107207864,7354,67684694,0x73d53c0e08baa93362c4825b836dbce45855abf4,0xf4d8906d9f1b9e27353a5a61ea12b8951bc439cd367f18d3a97919c11b550d0a,40244,0x0000000000000000000000290dbd0d2f57d71e4b42698631d33c000000000000,0,["0xddf252ad1be2c89b69c2b068fc378daa952ba7f163c4a11628f55a4df523b3ef","0x0000000000000000000000007d7cc2abeb8256d11e9ec63c13782e77300c7e30","0x0000000000000000000000003c744b430a53432a2ea9472008e38b0f2575e05e"],0xcbeaeeb021f366bfc92d27390f03290440fe8067ea71477c3ef4273c591a1415,0,{"transactionIndex":0,"blockNumber":40244,"transactionHash":"0xcbeaeeb021f366bfc92d27390f03290440fe8067ea71477c3ef4273c591a1415","address":"0x73d53c0E08bAA93362c4825b836dBCE45855Abf4","topics":["0xddf252ad1be2c89b69c2b068fc378daa952ba7f163c4a11628f55a4df523b3ef","0x0000000000000000000000007d7cc2abeb8256d11e9ec63c13782e77300c7e30","0x0000000000000000000000003c744b430a53432a2ea9472008e38b0f2575e05e"],"data":"0x0000000000000000000000290dbd0d2f57d71e4b42698631d33c000000000000","logIndex":0,"blockHash":"0xf4d8906d9f1b9e27353a5a61ea12b8951bc439cd367f18d3a97919c11b550d0a"},"2024-04-19T09:01:53.137Z","2024-04-19T09:01:53.137Z"
107208075,7354,67684872,0x73d53c0e08baa93362c4825b836dbce45855abf4,0xa0557ce55c62de215d37cdde66108db49bf2ec0d5928c9cbee2175d382867b74,40248,0x00000000000000000000000000000011a1e5f77537960c9a3c60070000000000,0,["0xddf252ad1be2c89b69c2b068fc378daa952ba7f163c4a11628f55a4df523b3ef","0x0000000000000000000000007d7cc2abeb8256d11e9ec63c13782e77300c7e30","0x0000000000000000000000003c744b430a53432a2ea9472008e38b0f2575e05e"],0xf5a14370b6735d8e40a82ed07b9e960cf9146cd694b4ce830b882ad33c4208c4,0,{"transactionIndex":0,"blockNumber":40248,"transactionHash":"0xf5a14370b6735d8e40a82ed07b9e960cf9146cd694b4ce830b882ad33c4208c4","address":"0x73d53c0E08bAA93362c4825b836dBCE45855Abf4","topics":["0xddf252ad1be2c89b69c2b068fc378daa952ba7f163c4a11628f55a4df523b3ef","0x0000000000000000000000007d7cc2abeb8256d11e9ec63c13782e77300c7e30","0x0000000000000000000000003c744b430a53432a2ea9472008e38b0f2575e05e"],"data":"0x00000000000000000000000000000011a1e5f77537960c9a3c60070000000000","logIndex":0,"blockHash":"0xa0557ce55c62de215d37cdde66108db49bf2ec0d5928c9cbee2175d382867b74"},"2024-04-19T09:10:55.252Z","2024-04-19T09:10:55.252Z"
107208089,7354,67684883,0x73d53c0e08baa93362c4825b836dbce45855abf4,0xa11c55de249f6508a037ce2d6a92b2a950bccbd9e50dd5fa24cc05d2c652d7a7,40249,0x00000000000000000000000000000000000000086a1dbde025b824cf10680000,0,["0xddf252ad1be2c89b69c2b068fc378daa952ba7f163c4a11628f55a4df523b3ef","0x0000000000000000000000007d7cc2abeb8256d11e9ec63c13782e77300c7e30","0x000000000000000000000000b00b45b592c3ae69f0e944835b9b1a4774040be7"],0xe9517e777823c80a510971487c1787822edac6e67cc74dd08f61568a936fe09b,0,{"transactionIndex":0,"blockNumber":40249,"transactionHash":"0xe9517e777823c80a510971487c1787822edac6e67cc74dd08f61568a936fe09b","address":"0x73d53c0E08bAA93362c4825b836dBCE45855Abf4","topics":["0xddf252ad1be2c89b69c2b068fc378daa952ba7f163c4a11628f55a4df523b3ef","0x0000000000000000000000007d7cc2abeb8256d11e9ec63c13782e77300c7e30","0x000000000000000000000000b00b45b592c3ae69f0e944835b9b1a4774040be7"],"data":"0x00000000000000000000000000000000000000086a1dbde025b824cf10680000","logIndex":0,"blockHash":"0xa11c55de249f6508a037ce2d6a92b2a950bccbd9e50dd5fa24cc05d2c652d7a7"},"2024-04-19T09:12:19.517Z","2024-04-19T09:12:19.517Z"
107209024,7354,67685404,0x6497ce5dbe25ad343bef8a5be82c19802ba7cd71,0xca506420b00ab3474b7940c5cbaef0423825b98276682bfeb449e982e5565a13,40280,0x000000000000000000000000000000000000000000000000000000e8d4a51000,0,["0xddf252ad1be2c89b69c2b068fc378daa952ba7f163c4a11628f55a4df523b3ef","0x0000000000000000000000000000000000000000000000000000000000000000","0x0000000000000000000000007d7cc2abeb8256d11e9ec63c13782e77300c7e30"],0x3c0b52785e87a914be5739b5397482adb8cf5e86ee8026693022b2f6f5a1e054,0,{"transactionIndex":0,"blockNumber":40280,"transactionHash":"0x3c0b52785e87a914be5739b5397482adb8cf5e86ee8026693022b2f6f5a1e054","address":"0x6497ce5dBE25ad343BeF8a5bE82C19802BA7CD71","topics":["0xddf252ad1be2c89b69c2b068fc378daa952ba7f163c4a11628f55a4df523b3ef","0x0000000000000000000000000000000000000000000000000000000000000000","0x0000000000000000000000007d7cc2abeb8256d11e9ec63c13782e77300c7e30"],"data":"0x000000000000000000000000000000000000000000000000000000e8d4a51000","logIndex":0,"blockHash":"0xca506420b00ab3474b7940c5cbaef0423825b98276682bfeb449e982e5565a13"},"2024-04-19T10:37:11.197Z","2024-04-19T10:37:11.197Z"
107209043,7354,67685433,0xcfd1ea4100e30ca3ce22c99e24b5e54a00aa946b,0x457c4dc959bcefac330d9f931ebf5b683be2b6e9fc60450cce2c5e20925b80fc,40287,0x0000000000000000000000000000000000000000204fce5e3e25026110000000,0,["0xddf252ad1be2c89b69c2b068fc378daa952ba7f163c4a11628f55a4df523b3ef","0x0000000000000000000000000000000000000000000000000000000000000000","0x0000000000000000000000007d7cc2abeb8256d11e9ec63c13782e77300c7e30"],0x463b78590fd401c6abee6408d90670089a89faac23937128f20ac3458fcb8cc9,0,{"transactionIndex":0,"blockNumber":40287,"transactionHash":"0x463b78590fd401c6abee6408d90670089a89faac23937128f20ac3458fcb8cc9","address":"0xCfD1eA4100e30ca3cE22C99E24b5e54A00aa946B","topics":["0xddf252ad1be2c89b69c2b068fc378daa952ba7f163c4a11628f55a4df523b3ef","0x0000000000000000000000000000000000000000000000000000000000000000","0x0000000000000000000000007d7cc2abeb8256d11e9ec63c13782e77300c7e30"],"data":"0x0000000000000000000000000000000000000000204fce5e3e25026110000000","logIndex":0,"blockHash":"0x457c4dc959bcefac330d9f931ebf5b683be2b6e9fc60450cce2c5e20925b80fc"},"2024-04-19T10:45:22.534Z","2024-04-19T10:45:22.534Z"
107209282,7354,67685760,0x73d53c0e08baa93362c4825b836dbce45855abf4,0xd64dad2e05c8debb5143fa59dede4d09153c4ae06443148e095fe627dd061c1b,40307,0x0000000000000000000000290dbd0d42ef486a22d58205f9a48a40aaaaaaaaaa,0,["0xddf252ad1be2c89b69c2b068fc378daa952ba7f163c4a11628f55a4df523b3ef","0x0000000000000000000000003c744b430a53432a2ea9472008e38b0f2575e05e","0x000000000000000000000000000000000000000000000000000000000000dead"],0x143d500b05d9466cee428e1141c3481c34acb8e93501cac0fbbaf879d8a17abd,0,{"transactionIndex":0,"blockNumber":40307,"transactionHash":"0x143d500b05d9466cee428e1141c3481c34acb8e93501cac0fbbaf879d8a17abd","address":"0x73d53c0E08bAA93362c4825b836dBCE45855Abf4","topics":["0xddf252ad1be2c89b69c2b068fc378daa952ba7f163c4a11628f55a4df523b3ef","0x0000000000000000000000003c744b430a53432a2ea9472008e38b0f2575e05e","0x000000000000000000000000000000000000000000000000000000000000dead"],"data":"0x0000000000000000000000290dbd0d42ef486a22d58205f9a48a40aaaaaaaaaa","logIndex":0,"blockHash":"0xd64dad2e05c8debb5143fa59dede4d09153c4ae06443148e095fe627dd061c1b"},"2024-04-19T11:36:54.818Z","2024-04-19T11:36:54.818Z"
107209311,7354,67685782,0x73d53c0e08baa93362c4825b836dbce45855abf4,0x270b52baf9b8153704de80ceb0c5e2c0443d92f8df16523e67c13437a565b6d1,40310,0x0000000000000000000000000000000000000000000001695d556204b1e80000,0,["0xddf252ad1be2c89b69c2b068fc378daa952ba7f163c4a11628f55a4df523b3ef","0x000000000000000000000000b00b45b592c3ae69f0e944835b9b1a4774040be7","0x000000000000000000000000f69c4f4d14bb050d62ad4e836f3e5e5217e7fc9c"],0x6138c804bc38330cdca99283a33f414a08da879b52571ce05462e8cbbfa9371b,0,{"transactionIndex":0,"blockNumber":40310,"transactionHash":"0x6138c804bc38330cdca99283a33f414a08da879b52571ce05462e8cbbfa9371b","address":"0x73d53c0E08bAA93362c4825b836dBCE45855Abf4","topics":["0xddf252ad1be2c89b69c2b068fc378daa952ba7f163c4a11628f55a4df523b3ef","0x000000000000000000000000b00b45b592c3ae69f0e944835b9b1a4774040be7","0x000000000000000000000000f69c4f4d14bb050d62ad4e836f3e5e5217e7fc9c"],"data":"0x0000000000000000000000000000000000000000000001695d556204b1e80000","logIndex":0,"blockHash":"0x270b52baf9b8153704de80ceb0c5e2c0443d92f8df16523e67c13437a565b6d1"},"2024-04-19T11:41:21.939Z","2024-04-19T11:41:21.939Z"
107209340,7354,67685810,0x73d53c0e08baa93362c4825b836dbce45855abf4,0x32a2017d4b7160996045d634b3fbab2cc8507735f8c27e6f2836ea958c8c2faa,40312,0x0000000000000000000000000000000000000000000001695d556204b1e80000,0,["0xddf252ad1be2c89b69c2b068fc378daa952ba7f163c4a11628f55a4df523b3ef","0x000000000000000000000000b00b45b592c3ae69f0e944835b9b1a4774040be7","0x000000000000000000000000451ad094284d1059c0cafcc6f3fad1759ab1939c"],0xd91aed7ecce9caa63985060f0a9fae4db755d7655ecaf7cbf28ed6e4b6730d84,0,{"transactionIndex":0,"blockNumber":40312,"transactionHash":"0xd91aed7ecce9caa63985060f0a9fae4db755d7655ecaf7cbf28ed6e4b6730d84","address":"0x73d53c0E08bAA93362c4825b836dBCE45855Abf4","topics":["0xddf252ad1be2c89b69c2b068fc378daa952ba7f163c4a11628f55a4df523b3ef","0x000000000000000000000000b00b45b592c3ae69f0e944835b9b1a4774040be7","0x000000000000000000000000451ad094284d1059c0cafcc6f3fad1759ab1939c"],"data":"0x0000000000000000000000000000000000000000000001695d556204b1e80000","logIndex":0,"blockHash":"0x32a2017d4b7160996045d634b3fbab2cc8507735f8c27e6f2836ea958c8c2faa"},"2024-04-19T11:44:18.491Z","2024-04-19T11:44:18.491Z"
107210460,7354,67686123,0x73d53c0e08baa93362c4825b836dbce45855abf4,0x576208ab32e7ebcac208b74ca1cc153f43dfeaa8978d4083bc344d025df71f89,40316,0x0000000000000000000000048fbfac0e1cfbf061430e5f7a04004530ef980000,0,["0xddf252ad1be2c89b69c2b068fc378daa952ba7f163c4a11628f55a4df523b3ef","0x0000000000000000000000007d7cc2abeb8256d11e9ec63c13782e77300c7e30","0x000000000000000000000000000000000000000000000000000000000000dead"],0xd161ddf01fd747671f7a656250ef47e92560ac53343204f581430079ab53121c,0,{"transactionIndex":0,"blockNumber":40316,"transactionHash":"0xd161ddf01fd747671f7a656250ef47e92560ac53343204f581430079ab53121c","address":"0x73d53c0E08bAA93362c4825b836dBCE45855Abf4","topics":["0xddf252ad1be2c89b69c2b068fc378daa952ba7f163c4a11628f55a4df523b3ef","0x0000000000000000000000007d7cc2abeb8256d11e9ec63c13782e77300c7e30","0x000000000000000000000000000000000000000000000000000000000000dead"],"data":"0x0000000000000000000000048fbfac0e1cfbf061430e5f7a04004530ef980000","logIndex":0,"blockHash":"0x576208ab32e7ebcac208b74ca1cc153f43dfeaa8978d4083bc344d025df71f89"},"2024-04-19T11:53:23.342Z","2024-04-19T11:53:23.342Z"
107211100,7354,67686301,0x73d53c0e08baa93362c4825b836dbce45855abf4,0x6f4759820011a1b6a20adb281a2c7b748e86e043afc89bb4d240072beebeb1a8,40317,0x000000000000000000000000000000000000000002277428614a865b80680000,0,["0xddf252ad1be2c89b69c2b068fc378daa952ba7f163c4a11628f55a4df523b3ef","0x000000000000000000000000b00b45b592c3ae69f0e944835b9b1a4774040be7","0x0000000000000000000000007d7cc2abeb8256d11e9ec63c13782e77300c7e30"],0x0c25c9ba1a8d531f500d07eb0eda9e48d00fafcd319556265fc37c5c5f9b7ee8,0,{"transactionIndex":0,"blockNumber":40317,"transactionHash":"0x0c25c9ba1a8d531f500d07eb0eda9e48d00fafcd319556265fc37c5c5f9b7ee8","address":"0x73d53c0E08bAA93362c4825b836dBCE45855Abf4","topics":["0xddf252ad1be2c89b69c2b068fc378daa952ba7f163c4a11628f55a4df523b3ef","0x000000000000000000000000b00b45b592c3ae69f0e944835b9b1a4774040be7","0x0000000000000000000000007d7cc2abeb8256d11e9ec63c13782e77300c7e30"],"data":"0x000000000000000000000000000000000000000002277428614a865b80680000","logIndex":0,"blockHash":"0x6f4759820011a1b6a20adb281a2c7b748e86e043afc89bb4d240072beebeb1a8"},"2024-04-19T11:54:13.534Z","2024-04-19T11:54:13.534Z"
107216226,7354,67688104,0x73d53c0e08baa93362c4825b836dbce45855abf4,0x0aa72724f8d3ee323e7b2f7dd0ddaf73087b900059e6cc730ff670b0ce8dad16,40361,0x0000000000000000000000000000000000000000000001695d556204b1e80000,0,["0xddf252ad1be2c89b69c2b068fc378daa952ba7f163c4a11628f55a4df523b3ef","0x000000000000000000000000b00b45b592c3ae69f0e944835b9b1a4774040be7","0x000000000000000000000000394f556583dc1bb2142576ccf9825daefac0676d"],0x820419fe060acac80f8d9aaf844df89460f547f1506f3d9246c0184ca8f17514,0,{"transactionIndex":0,"blockNumber":40361,"transactionHash":"0x820419fe060acac80f8d9aaf844df89460f547f1506f3d9246c0184ca8f17514","address":"0x73d53c0E08bAA93362c4825b836dBCE45855Abf4","topics":["0xddf252ad1be2c89b69c2b068fc378daa952ba7f163c4a11628f55a4df523b3ef","0x000000000000000000000000b00b45b592c3ae69f0e944835b9b1a4774040be7","0x000000000000000000000000394f556583dc1bb2142576ccf9825daefac0676d"],"data":"0x0000000000000000000000000000000000000000000001695d556204b1e80000","logIndex":0,"blockHash":"0x0aa72724f8d3ee323e7b2f7dd0ddaf73087b900059e6cc730ff670b0ce8dad16"},"2024-04-19T14:02:41.023Z","2024-04-19T14:02:41.023Z"
107218442,7354,67688772,0x73d53c0e08baa93362c4825b836dbce45855abf4,0xca97e601f6e9904c96e0d8e129c7e5cda5d6cc83587604d100e9448a6f4cf497,40385,0x0000000000000000000000000000000000000000000001695d556204b1e80000,0,["0xddf252ad1be2c89b69c2b068fc378daa952ba7f163c4a11628f55a4df523b3ef","0x000000000000000000000000b00b45b592c3ae69f0e944835b9b1a4774040be7","0x0000000000000000000000001d362f7eb50f02691fe7f448cb24711091d2cea3"],0x8da3ff5a50fe5e59692005107a2240943e50792daf99f977578a0b8e774cf9ce,0,{"transactionIndex":0,"blockNumber":40385,"transactionHash":"0x8da3ff5a50fe5e59692005107a2240943e50792daf99f977578a0b8e774cf9ce","address":"0x73d53c0E08bAA93362c4825b836dBCE45855Abf4","topics":["0xddf252ad1be2c89b69c2b068fc378daa952ba7f163c4a11628f55a4df523b3ef","0x000000000000000000000000b00b45b592c3ae69f0e944835b9b1a4774040be7","0x0000000000000000000000001d362f7eb50f02691fe7f448cb24711091d2cea3"],"data":"0x0000000000000000000000000000000000000000000001695d556204b1e80000","logIndex":0,"blockHash":"0xca97e601f6e9904c96e0d8e129c7e5cda5d6cc83587604d100e9448a6f4cf497"},"2024-04-19T15:07:52.233Z","2024-04-19T15:07:52.233Z"